id;calling;called;created_at;request_at;response_at;state;route;route_prefix;route_length;dry_run;whitelisted;blacklisted;error_code;error_desc;vlr;sri_at;sri_resp_at
1;olive impactful Up-sized;solid state;2020-04-10T09:00:17;2020-04-10T08:46:24;2020-04-09T17:07:00;93464;coherent Operative;49752;55601;true;true;true;84271;Tools Orchestrator;implement Administrator connect;2020-04-10T07:11:39;2020-04-09T15:46:13
2;Licensed pink Granite;invoice Investor;2020-04-09T22:20:03;2020-04-10T07:42:30;2020-04-10T06:46:37;64601;Frozen payment;11471;16475;false;false;false;68104;solid state;multi-state;2020-04-10T04:09:22;2020-04-10T13:55:42
3;Fully-configurable invoice New Leu;Product;2020-04-10T02:02:48;2020-04-10T11:23:26;2020-04-10T02:32:41;74316;invoice Tunisian Dinar methodical;14208;73823;false;true;true;56075;Balanced;driver Persistent;2020-04-10T09:24:11;2020-04-10T04:37:54
4;payment;Unbranded Soft Bacon Drives online;2020-04-10T13:31:34;2020-04-10T11:43:19;2020-04-09T15:26:14;68010;digital Assistant;95499;72245;true;false;true;61516;invoice Maine Plastic;Cook Islands customized Optimization;2020-04-10T05:54:50;2020-04-10T11:07:04
5;benchmark Jordanian Dinar;Baby content Bike;2020-04-09T23:20:24;2020-04-09T22:37:16;2020-04-10T10:32:09;21479;Computers Internal Frozen;70049;33855;false;true;false;35332;Mouse JSON;National Small Soft Keyboard;2020-04-09T21:43:58;2020-04-10T10:13:56
6;Computer;data-warehouse XML;2020-04-10T11:43:13;2020-04-09T16:12:48;2020-04-09T21:50:48;53456;Berkshire Delaware;43017;41369;false;false;false;32017;Grocery;eyeballs;2020-04-10T01:18:08;2020-04-09T19:31:27
7;engineer Ameliorated Awesome Wooden Sausages;FTP;2020-04-10T13:21:15;2020-04-09T23:28:11;2020-04-09T16:36:34;81856;deposit;40567;57453;true;true;false;56337;content-based uniform;ivory;2020-04-09T15:27:54;2020-04-10T07:44:51
8;GB XSS Table;GB Wisconsin transmitting;2020-04-10T11:24:27;2020-04-09T23:11:43;2020-04-09T20:40:17;13554;Future-proofed parsing;72649;43649;false;true;true;30572;monitor Freeway;pink Refined Concrete Towels;2020-04-10T06:40:28;2020-04-09T19:17:51
9;Home Corporate;Legacy San Marino distributed;2020-04-10T07:06:30;2020-04-09T14:49:28;2020-04-10T09:30:27;26225;Implementation;7339;51386;false;true;true;20536;Cambridgeshire info-mediaries Money Market Account;viral Bike;2020-04-09T19:42:18;2020-04-10T11:25:59
10;Liaison optimize;wireless firmware;2020-04-09T22:21:10;2020-04-10T01:53:41;2020-04-10T11:29:57;24116;capacitor online;51697;6971;false;true;false;22519;Shoes;withdrawal;2020-04-09T16:10:17;2020-04-10T05:10:23
